x	y
0.513911876619576	0.140280037852496
1.4002590960027	0.615080675819464
-0.335178608919124	0.0729592526861112
1.36285948362764	0.382826331053253
-0.93415296587579	1.34214686218868
0.513858555507521	0.140220414429152
0.520746875925541	0.102302512051832
0.211712097035697	0.182754171125927
1.57401737405941	1.81290407903897
0.0683969683097807	0.0540111177981841
-0.546431968608316	0.238388442909554
-0.0748027349495031	0.0329221357879567
0.606173814073134	0.36306696040678
-1.65763606485717	1.06632909706091
0.838601034652569	0.355106353471167
1.66850171224555	0.865713247755339
-1.89379291280952	0.851806565024221
0.204566006450414	0.108855911374085
1.34644572302919	0.993658681951701
0.838743083722512	0.35516352183281
-0.0262233532649923	0.0069264517241902
1.1121174641288	0.560474937962765
-0.268771292431537	0.0997015317057297
-0.0265792695928024	0.00701290039496226
-0.266174734480619	0.0986085655862373
-0.54601798832952	0.23818571735175
-0.546472052095383	0.238330834860711
1.36278634045704	0.382900995538424
-0.766861737689918	0.383121343249645
-1.12265963643031	0.702914957007342
0.577518419364698	0.371436289578095
-1.14005925168468	0.87710399913719
-0.16288900329726	0.0668198716584316
0.703742121524306	0.339416482449918
-0.238608760493209	0.160858823757496
-0.803437904911088	0.646947589294209
-0.803541044622405	0.647187543887401
1.11502648485766	0.562416414142612
-1.28122517090297	0.423889153983301
0.0656021263019581	0.0211763330807978
-0.43365941847557	0.140408025138428
0.424091331821268	0.170527641123132
0.391676095741359	0.221412040659779
4.01192215213287	1.38013155858976
-2.91682248761315	0.624396194263068
2.64562077150263	0.589402910377343
1.36226782012475	0.38270035317985
3.49419648863757	0.989479951389322
-0.0266174972999866	0.00702719711458675
1.03449817432543	0.369281958902435
0.642025356969872	0.34820878846596
0.703700794641854	0.339385013976215
0.521376974174262	0.102442056871029
-2.07958913956006	0.371047769453289
1.36226782012475	0.38270035317985
-0.334591427698127	0.0728431331452995
-0.589720515511324	0.449362604114283
0.513443582822609	0.140100976903003
-0.880481812251125	0.24165234095306
1.11243173480616	0.560805203105639
0.642499469909921	0.348580925592302
-4.84104779110198	2.31030353692811
1.40082523217124	0.615191289893208
-1.89366726017897	0.851749409980545
1.87709677854307	0.677712862210528
1.87750773502917	0.677942250732786
-2.07958913956006	0.371047769453289
0.52082841543711	0.102327123521973
1.03410346929152	0.368993798246002
3.49414619653718	0.989368805041788
2.64561032217101	0.589361907449672
1.36226782012475	0.38270035317985
-2.07989964446188	0.371109543400991
-2.07989964446188	0.371109543400991
-2.07989964446188	0.371109543400991
2.64561032217101	0.589361907449672
2.64561032217101	0.589361907449672
0.521376974174262	0.102442056871029
3.49419648863757	0.989479951389322
0.513443582822609	0.140100976903003
0.513911876619576	0.140280037852496
0.276428374581941	0.212691521296887
-0.381370111015098	0.180019875945068
-0.380924998125875	0.179819520752667
-0.773989277100639	0.29945460410084
0.605648521744319	0.36275734953352
0.393825273864406	0.180822046589782
0.139755453526383	0.0606924359285289
-0.267898412503866	0.09934720871268
-0.432458788744692	0.139915182332331
0.703406561231619	0.33915111437171
0.424968170770436	0.170919382315977
0.838458688964635	0.354995263553568
1.87709677854307	0.677712862210528
1.03453696876337	0.369309864676094
2.64562077150263	0.589402910377343
1.36271301780706	0.382751888570998
3.49414619653718	0.989368805041788
0.513911876619576	0.140280037852496
1.36271301780706	0.382751888570998
0.521295792365143	0.102417512567682
0.520746875925541	0.102302512051832
2.64561032217101	0.589361907449672
2.64561032217101	0.589361907449672
-2.07958913956006	0.371047769453289
1.39812123802039	0.613702005946584
3.49414619653718	0.989368805041788
2.64561032217101	0.589361907449672
-0.24553703851571	0.145178561504635
-1.05515221324687	0.476661252022728
-0.867170334785652	0.809409905624396
3.49419648863757	0.989479951389322
0.487928480025754	0.167211262283877
0.0941842818512196	0.0356025994175622
-0.334148103088463	0.0727276400661628
-0.267303918730808	0.099069172207099
-1.28122517090297	0.423889153983301
-0.334591427698127	0.0728431331452995
-0.0270501141429592	0.0071371116774393
-0.879978149171213	0.241421497109103
-1.28167745364592	0.424042905980538
0.838743083722512	0.35516352183281
-0.380605329431862	0.179720769306699
-0.433378758635588	0.140261400567565
1.36278634045704	0.382900995538424
0.486427271232123	0.166662829631422
1.03497013466069	0.369389434027624
-1.29695806529541	0.671757096929589
-3.84380170020758	1.13706777307065
-0.95666996699372	0.53891167932166
-0.267898412503866	0.09934720871268
0.64228991298681	0.348444944986962
-1.01644626330408	0.721437208733677
0.388276752279867	0.253283802116027
1.66808217168373	0.865779069185349
2.25027276338794	0.990076763173539
1.39961709676373	0.614867971945085
1.36278634045704	0.382900995538424
1.36234129038989	0.382625867074114
1.36278634045704	0.382900995538424
2.64561032217101	0.589361907449672
1.03457566820663	0.369219525665167
-0.766555130518356	0.382929542385474
1.03449817432543	0.369281958902435
0.839074501303243	0.35532636932229
2.53112071474629	1.30867663331144
2.64561032217101	0.589361907449672
2.64561032217101	0.589361907449672
2.64561032217101	0.589361907449672
0.520746875925541	0.102302512051832
1.11359108282991	0.561687522856565
0.642554385782642	0.348605020321638
0.39114466784834	0.201841560596303
-0.697932770643519	0.521605559172566
-0.380161633544041	0.17948761865025
-0.183574432659514	0.111280587346412
-0.774321596359779	0.299648367381542
-1.28164515586627	0.42404107043148
1.87755743378303	0.677986115105732
1.398406262577	0.613938394919657
-0.432738790835282	0.140061378703276
2.64561032217101	0.589361907449672
2.64562077150263	0.589402910377343
-0.880938605832032	0.241800170118089
2.64562077150263	0.589402910377343
2.64562077150263	0.589402910377343
0.955364095984687	0.722613094292278
-4.41305623546468	1.68537684229946
-0.282485918648885	0.209284375522232
1.66883289942969	0.866051067596201
0.251820438044455	0.165554222975475
-1.60663753958988	0.62434119143851
-0.162597669857347	0.0666884594719241
1.87750773502917	0.677942250732786
1.66869324775627	0.865925902025113
-1.60663753958988	0.62434119143851
-0.435221535577	0.140888985548313
-1.89250228576361	0.850742682500433
0.513497024763484	0.14008453361006
-1.28083745371464	0.423677448191097
-0.880890797275026	0.241788262568866
1.36285948362764	0.382826331053253
0.423810248226382	0.170381223280265
-0.0262233532649923	0.0069264517241902
0.513497024763484	0.14008453361006
0.521376974174262	0.102442056871029
0.514326643122236	0.140322765639352
-0.027088618237405	0.00714791271720345
0.521376974174262	0.102442056871029
-0.027088618237405	0.00714791271720345
-0.881347786322319	0.241870159042159
0.48606866080892	0.166437649835197
0.488287837813439	0.167338718999219
-0.43365941847557	0.140408025138428
4.01192215213287	1.38013155858976
-0.774321596359779	0.299648367381542
-1.05325145811793	0.475228655335547
0.0660747637315169	0.0213259005085459
0.0649882532264197	0.0209752264218978
1.03449817432543	0.369281958902435
1.87709677854307	0.677712862210528
0.0941432367964954	0.0355820944406514
-0.163213538761568	0.0669638910296519
-1.02732798860808	1.0759957366712
3.49417140758422	0.989739329356677
0.513443582822609	0.140100976903003
-1.89366726017897	0.851749409980545
0.488572602125637	0.167456145195084
0.513911876619576	0.140280037852496
0.513858555507521	0.140220414429152
-0.335178608919124	0.0729592526861112
0.485495542003918	0.166251843098565
1.36219416975168	0.382551221457693
2.64562077150263	0.589402910377343
-2.07958913956006	0.371047769453289
-2.07958913956006	0.371047769453289
-2.07958913956006	0.371047769453289
1.87709677854307	0.677712862210528
2.64562077150263	0.589402910377343
-1.52974957725272	1.21986961833124
1.34030794550562	0.784669576684112
1.87755743378303	0.677986115105732
0.487928480025754	0.167211262283877
0.0946414603704399	0.0357711851740272
-1.29695806529541	0.671757096929589
2.64562077150263	0.589402910377343
3.49414619653718	0.989368805041788
-2.91649668095713	0.624445621228737
-2.07958913956006	0.371047769453289
0.521295792365143	0.102417512567682
2.64561032217101	0.589361907449672
2.64562077150263	0.589402910377343
2.64561032217101	0.589361907449672
2.64562077150263	0.589402910377343
0.521376974174262	0.102442056871029
2.64561032217101	0.589361907449672
2.64561032217101	0.589361907449672
0.52082841543711	0.102327123521973
-2.07958913956006	0.371047769453289
1.87709677854307	0.677712862210528
-2.07989964446188	0.371109543400991
0.52082841543711	0.102327123521973
-0.334148103088463	0.0727276400661628
1.36219416975168	0.382551221457693
1.36278634045704	0.382900995538424
2.64561032217101	0.589361907449672
2.64561032217101	0.589361907449672
2.64561032217101	0.589361907449672
-0.11114849729723	0.0595536482481944
-1.89308441778491	0.851293251660996
2.64561032217101	0.589361907449672
1.36219416975168	0.382551221457693
0.52082841543711	0.102327123521973
3.49414619653718	0.989368805041788
-0.881387975845731	0.575505947990921
-1.36104111583973	1.20031557148249
-0.43365941847557	0.140408025138428
-0.0261852125292617	0.00691569697452709
2.25020380360214	0.989983566656058
1.36219416975168	0.382551221457693
0.521295792365143	0.102417512567682
2.64561032217101	0.589361907449672
0.838601034652569	0.355106353471167
-1.49021513383762	0.865700183359601
-0.880938605832032	0.241800170118089
2.64562077150263	0.589402910377343
0.139436002982098	0.0605561268469736
1.87755743378303	0.677986115105732
0.488002655522577	0.167173475615747
-0.434299673650588	0.140589714149087
-0.334591427698127	0.0728431331452995
-0.43301920573416	0.140125374470511
0.704077627294915	0.339587027956686
-0.334591427698127	0.0728431331452995
0.0660747637315169	0.0213259005085459
0.521295792365143	0.102417512567682
1.36226782012475	0.38270035317985
0.513911876619576	0.140280037852496
3.49417140758422	0.989739329356677
0.514379704593254	0.140382320750018
-1.29581298182809	0.670666073135691
-4.41352562502052	1.68598128290235
0.0657427943130726	0.0212192905615849
1.34034860965476	0.784677538591687
1.03402541927926	0.368825974026625
-1.80783805954569	1.27446149041566
-1.2965882036826	0.671544795012436
-0.43365941847557	0.140408025138428
-0.0270117048144316	0.00712273859855463
0.424968170770436	0.170919382315977
1.03453696876337	0.369309864676094
1.87755743378303	0.677986115105732
0.520746875925541	0.102302512051832
0.514379704593254	0.140382320750018
2.64561032217101	0.589361907449672
0.521295792365143	0.102417512567682
3.49417140758422	0.989739329356677
0.703700794641854	0.339385013976215
-0.433378758635588	0.140261400567565
0.52082841543711	0.102327123521973
1.36271301780706	0.382751888570998
-1.60513120529459	0.623371468380124
-1.29584977821647	0.670950029807498
-1.05432469201584	0.476131056842047
2.64561032217101	0.589361907449672
1.87750773502917	0.677942250732786
-0.335178608919124	0.0729592526861112
2.64562077150263	0.589402910377343
2.64561032217101	0.589361907449672
0.514432627396148	0.140365643845512
-1.28038612664585	0.42335720116126
0.838743083722512	0.35516352183281
3.49414619653718	0.989368805041788
1.39961709676373	0.614867971945085
-0.775671632266485	0.30036551364768
-0.335178608919124	0.0729592526861112
0.422334291936459	0.16965589880655
0.513911876619576	0.140280037852496
2.25062821053487	0.990333711175524
1.39876402173312	0.614100022905297
0.520746875925541	0.102302512051832
1.877457900668	0.677682806593774
0.520746875925541	0.102302512051832
1.87704682704193	0.677668887736721
-2.91649668095713	0.624445621228737
1.87704682704193	0.677668887736721
-3.45125721847474	0.877669857325644
1.1141518383678	0.562023336549481
0.513911876619576	0.140280037852496
0.391159406214863	0.201869419264028
-4.41305623546468	1.68537684229946
-3.45094799018387	0.877487384048771
0.0953513911763984	0.0360393137229778
0.513965058596701	0.140263455477391
4.38727162968334	1.77632357876549
-2.91682248761315	0.624396194263068
-0.880481812251125	0.24165234095306
-4.15377197192969	1.40407440353412
1.03497013466069	0.369389434027624
0.514379704593254	0.140382320750018
-0.334663073571257	0.0728613922734098
0.513390001278613	0.140041359785991
2.64561032217101	0.589361907449672
0.521295792365143	0.102417512567682
-0.334148103088463	0.0727276400661628
0.521376974174262	0.102442056871029
4.01192215213287	1.38013155858976
2.64562077150263	0.589402910377343
1.36226782012475	0.38270035317985
2.64561032217101	0.589361907449672
1.03457566820663	0.369219525665167
4.38727273954847	1.77610145085038
0.514379704593254	0.140382320750018
1.03489281558809	0.369221770974722
0.839499169897761	0.355459950464003
1.36285948362764	0.382826331053253
0.839357909248299	0.355494181112551
-0.880025461952843	0.241433230605033
2.64561032217101	0.589361907449672
1.36219416975168	0.382551221457693
2.64561032217101	0.589361907449672
-1.31492801937653	1.50640525683517
1.51120272825114	1.2433670298583
-0.334663073571257	0.0728613922734098
0.513443582822609	0.140100976903003
1.87750773502917	0.677942250732786
-0.261005659983768	0.130412383864566
0.391632670021721	0.221350895824649
-1.29584977821647	0.670950029807498
0.20494947033306	0.109066882411581
-0.0266174972999866	0.00702719711458675
0.391524995561623	0.202039039398752
0.393825273864406	0.180822046589782
-0.732776564055615	0.436568971104462
-0.269645285884945	0.100046416232294
-0.267343814919235	0.0990878928602429
-1.28122517090297	0.423889153983301
-0.432458788744692	0.139915182332331
-0.775809598405302	0.300332282190552
-0.3365447034886	0.245527022803203
0.2525236174938	0.166110386615268
-0.324193345776741	0.186628062902036
-0.00909727928853317	0.00419735205696303
-1.89250228576361	0.850742682500433
0.0950165946904723	0.0359124858240917
1.3986908680412	0.61407715794723
-0.880890797275026	0.241788262568866
1.36226782012475	0.38270035317985
-1.05350298813624	0.475554592049549
-2.67232182056508	1.84766270615776
1.88780662970205	1.12901121990228
1.1121174641288	0.560474937962765
0.521376974174262	0.102442056871029
-0.431819108026318	0.139683933117468
-1.12219733203071	0.702401775384498
-1.29736639406312	0.671656045200908
-0.880872725985046	0.575050000660833
0.393207159532114	0.180474575147277
-0.110618252586625	0.0592662062455195
-0.43365941847557	0.140408025138428
1.11330992127622	0.56141409979903
0.52082841543711	0.102327123521973
-0.0746622618703664	0.0328568032953971
-0.0750277571019013	0.0330174000669039
1.66732940725633	0.864721202289724
-1.28122517090297	0.423889153983301
0.64228991298681	0.348444944986962
3.49417140758422	0.989739329356677
-0.426754478188015	0.237610060284562
-1.01644626330408	0.721437208733677
0.204262741563013	0.108688827457182
-0.76654027585683	0.383063779962677
0.703406561231619	0.33915111437171
0.424091331821268	0.170527641123132
2.53147741021284	1.30883380603431
-0.0261471659501138	0.00690148067807015
0.486713370921318	0.166780686105613
-0.434299673650588	0.140589714149087
2.25062821053487	0.990333711175524
-4.41305623546468	1.68537684229946
0.949056197228552	0.537533891532333
0.0949360915037404	0.0358894067913074
1.54755735129186	1.03705363178744
0.0662152355763195	0.0213746653107393
0.839357909248299	0.355494181112551
0.704535404202874	0.339717922357938
0.316339911381395	0.556791813861081
-2.07958913956006	0.371047769453289
1.3544914574735	1.17756087928281
-0.132986259699566	0.0823257560890757
-0.334591427698127	0.0728431331452995
-0.426410292386611	0.237383041257266
-0.426388210228643	0.23736560472313
-2.07989964446188	0.371109543400991
4.01190637519283	1.38005905507264
-1.60663753958988	0.62434119143851
-1.28122517090297	0.423889153983301
1.03497013466069	0.369389434027624
-0.334591427698127	0.0728431331452995
0.521376974174262	0.102442056871029
0.52082841543711	0.102327123521973
3.49419648863757	0.989479951389322
-2.07989964446188	0.371109543400991
-2.07958913956006	0.371047769453289
0.521295792365143	0.102417512567682
-2.07989964446188	0.371109543400991
0.52082841543711	0.102327123521973
-2.91682248761315	0.624396194263068
-0.334591427698127	0.0728431331452995
0.521376974174262	0.102442056871029
-2.07958913956006	0.371047769453289
-2.91649668095713	0.624445621228737
3.49417140758422	0.989739329356677
2.64561032217101	0.589361907449672
-2.07958913956006	0.371047769453289
0.521295792365143	0.102417512567682
2.64561032217101	0.589361907449672
-2.07989964446188	0.371109543400991
-0.880938605832032	0.241800170118089
-2.91649668095713	0.624445621228737
-2.91649668095713	0.624445621228737
0.513965058596701	0.140263455477391
0.513443582822609	0.140100976903003
2.64562077150263	0.589402910377343
-0.432738790835282	0.140061378703276
-0.334076780502539	0.0727094646529313
-2.91682248761315	0.624396194263068
-2.07958913956006	0.371047769453289
-0.335106638690478	0.0729409167236386
3.49417140758422	0.989739329356677
-0.335106638690478	0.0729409167236386
1.36226782012475	0.38270035317985
-0.335106638690478	0.0729409167236386
4.01192215213287	1.38013155858976
1.39933315667537	0.614729525809734
3.49417140758422	0.989739329356677
-0.773989277100639	0.29945460410084
-3.84323535554872	1.13613478662279
-2.91649668095713	0.624445621228737
-2.07958913956006	0.371047769453289
0.521376974174262	0.102442056871029
-0.0265792695928024	0.00701290039496226
-3.45125721847474	0.877669857325644
0.521376974174262	0.102442056871029
-0.881395843899604	0.24188215542982
-0.775533957959517	0.300199510369385
1.87750773502917	0.677942250732786
-1.28164515586627	0.42404107043148
1.36234129038989	0.382625867074114
1.03497013466069	0.369389434027624
-3.45094799018387	0.877487384048771
-2.07989964446188	0.371109543400991
-2.07989964446188	0.371109543400991
-3.45094799018387	0.877487384048771
-2.91617106368694	0.624120903177737
-2.07958913956006	0.371047769453289
0.521295792365143	0.102417512567682
-2.07989964446188	0.371109543400991
0.521295792365143	0.102417512567682
1.03449817432543	0.369281958902435
-2.07958913956006	0.371047769453289
0.520746875925541	0.102302512051832
0.520746875925541	0.102302512051832
-3.84380170020758	1.13706777307065
-2.07958913956006	0.371047769453289
3.49417140758422	0.989739329356677
3.49417140758422	0.989739329356677
3.49419648863757	0.989479951389322
1.03414235125793	0.368903698490504
1.36278634045704	0.382900995538424
-3.45125721847474	0.877669857325644
-0.0262233532649923	0.0069264517241902
0.839074501303243	0.35532636932229
-1.05432469201584	0.476131056842047
1.36285948362764	0.382826331053253
-0.335178608919124	0.0729592526861112
1.36271301780706	0.382751888570998
-2.07989964446188	0.371109543400991
-0.879978149171213	0.241421497109103
-0.433940492185269	0.140472218685469
-2.07989964446188	0.371109543400991
1.36234129038989	0.382625867074114
1.36278634045704	0.382900995538424
-2.91649668095713	0.624445621228737
-2.07958913956006	0.371047769453289
0.521376974174262	0.102442056871029
2.64561032217101	0.589361907449672
0.52082841543711	0.102327123521973
-2.91682248761315	0.624396194263068
-2.07958913956006	0.371047769453289
-2.91617106368694	0.624120903177737
3.49414619653718	0.989368805041788
3.49414619653718	0.989368805041788
2.64561032217101	0.589361907449672
-2.07958913956006	0.371047769453289
0.520746875925541	0.102302512051832
-2.91649668095713	0.624445621228737
3.49419648863757	0.989479951389322
-2.07989964446188	0.371109543400991
1.36271301780706	0.382751888570998
-2.91649668095713	0.624445621228737
-0.0257532591169303	0.00680255942923094
-0.334076780502539	0.0727094646529313
-2.07989964446188	0.371109543400991
0.513858555507521	0.140220414429152
0.486999051180479	0.166848160566094
-0.335106638690478	0.0729409167236386
-3.45094799018387	0.877487384048771
-1.05407247369691	0.47580430577959
0.486999051180479	0.166848160566094
-0.163504762406321	0.0670840892772548
0.0649882532264197	0.0209752264218978
3.49419648863757	0.989479951389322
-2.07958913956006	0.371047769453289
3.49414619653718	0.989368805041788
-2.07958913956006	0.371047769453289
2.64561032217101	0.589361907449672
4.01192215213287	1.38013155858976
-2.07989964446188	0.371109543400991
-3.45125721847474	0.877669857325644
2.64562077150263	0.589402910377343
-0.334148103088463	0.0727276400661628
1.79150713665086	1.74776288166574
-0.334076780502539	0.0727094646529313
0.393825273864406	0.180822046589782
1.51142914208579	1.24363470404837
1.877457900668	0.677682806593774
1.51127589135995	1.24352367026762
3.39869549681165	3.02721865660876
1.877457900668	0.677682806593774
0.514432627396148	0.140365643845512
2.25066256187878	0.990461503677281
3.25371309080629	2.65086389072253
1.87714659424117	0.677529673949604
3.49414619653718	0.989368805041788
-0.433940492185269	0.140472218685469
3.49417140758422	0.989739329356677
-3.45063894149186	0.877006747085803
4.68290986524103	2.18291565624527
2.07812654263096	1.40833669467569
1.11302823611196	0.561009432876
-4.41305623546468	1.68537684229946
2.64561032217101	0.589361907449672
1.877457900668	0.677682806593774
1.66822231292878	0.865904614238831
-1.89262701474768	0.850799064171343
4.01189048449851	1.37952290061321
-0.163188467956555	0.0669296624307987
0.0656021263019581	0.0211763330807978
-3.84380170020758	1.13706777307065
-3.84380170020758	1.13706777307065
-0.433940492185269	0.140472218685469
1.36234129038989	0.382625867074114
-2.07989964446188	0.371109543400991
-2.07958913956006	0.371047769453289
0.513858555507521	0.140220414429152
0.521376974174262	0.102442056871029
1.36285948362764	0.382826331053253
2.25069682266121	0.990426720312637
1.03410346929152	0.368993798246002
0.521295792365143	0.102417512567682
0.521376974174262	0.102442056871029
-2.07958913956006	0.371047769453289
0.521295792365143	0.102417512567682
2.64562077150263	0.589402910377343
4.011937815539	1.37971526659276
-0.0261852125292617	0.00691569697452709
-0.335106638690478	0.0729409167236386
0.514379704593254	0.140382320750018
1.36226782012475	0.38270035317985
0.0662152355763195	0.0213746653107393
-3.45094799018387	0.877487384048771
-0.43365941847557	0.140408025138428
0.839074501303243	0.35532636932229
-1.28125729906157	0.423890911380227
0.839216353210562	0.355437265415388
1.36278634045704	0.382900995538424
-0.433378758635588	0.140261400567565
1.87750773502917	0.677942250732786
-0.0261852125292617	0.00691569697452709
-4.64180700153783	1.99161231263977
0.521376974174262	0.102442056871029
-2.07958913956006	0.371047769453289
2.64562077150263	0.589402910377343
-2.07989964446188	0.371109543400991
0.838743083722512	0.35516352183281
-0.334591427698127	0.0728431331452995
-2.07958913956006	0.371047769453289
-0.880434251958766	0.241640521554225
-3.45094799018387	0.877487384048771
-2.07989964446188	0.371109543400991
-0.880434251958766	0.241640521554225
-3.45125721847474	0.877669857325644
0.514379704593254	0.140382320750018
0.52082841543711	0.102327123521973
1.36219416975168	0.382551221457693
-0.334591427698127	0.0728431331452995
2.64561032217101	0.589361907449672
-2.07958913956006	0.371047769453289
-0.431819108026318	0.139683933117468
1.36278634045704	0.382900995538424
-1.28041791694491	0.423358821054683
-2.91617106368694	0.624120903177737
0.486140751413908	0.166497345325888
0.513443582822609	0.140100976903003
0.487358035898528	0.167026441801294
-0.335106638690478	0.0729409167236386
0.839357909248299	0.355494181112551
0.513858555507521	0.140220414429152
-0.163213538761568	0.0669638910296519
-0.0257532591169303	0.00680255942923094
-2.07989964446188	0.371109543400991
-2.07989964446188	0.371109543400991
-2.07989964446188	0.371109543400991
2.64562077150263	0.589402910377343
-2.07958913956006	0.371047769453289
3.49419648863757	0.989479951389322
-2.07989964446188	0.371109543400991
-2.07989964446188	0.371109543400991
-0.334663073571257	0.0728613922734098
3.49419648863757	0.989479951389322
-2.07958913956006	0.371047769453289
1.36234129038989	0.382625867074114
0.521295792365143	0.102417512567682
3.49414619653718	0.989368805041788
1.03457566820663	0.369219525665167
0.521295792365143	0.102417512567682
-2.07958913956006	0.371047769453289
4.01190637519283	1.38005905507264
1.87699673947791	0.677409453132549
-3.84408507033217	1.1371938824129
-0.334591427698127	0.0728431331452995
2.64561032217101	0.589361907449672
3.49419648863757	0.989479951389322
-2.07958913956006	0.371047769453289
-2.07958913956006	0.371047769453289
1.36271301780706	0.382751888570998
-1.29618170986356	0.670991434376962
0.520746875925541	0.102302512051832
3.49417140758422	0.989739329356677
1.03449817432543	0.369281958902435
-3.84351846206423	1.13675833125362
0.839357909248299	0.355494181112551
-3.45125721847474	0.877669857325644
-2.91617106368694	0.624120903177737
2.64562077150263	0.589402910377343
0.521295792365143	0.102417512567682
-2.91649668095713	0.624445621228737
2.64561032217101	0.589361907449672
3.49414619653718	0.989368805041788
-2.07958913956006	0.371047769453289
3.49417140758422	0.989739329356677
-2.07989964446188	0.371109543400991
0.487643467139932	0.167144104655269
-1.05432469201584	0.476131056842047
0.513390001278613	0.140041359785991
3.49419648863757	0.989479951389322
-0.880481812251125	0.24165234095306
-1.89366726017897	0.851749409980545
-0.43365941847557	0.140408025138428
0.0659339974997732	0.0212714667384746
-0.0261471659501138	0.00690148067807015
-4.15403797178694	1.40414632577756
1.36234129038989	0.382625867074114
0.423810248226382	0.170381223280265
0.391214875835498	0.20185000363818
0.093807712369133	0.0354537369950867
-0.335106638690478	0.0729409167236386
-1.28125729906157	0.423890911380227
1.03449817432543	0.369281958902435
1.03493152255672	0.369361618902668
-0.334591427698127	0.0728431331452995
0.514326643122236	0.140322765639352
0.521295792365143	0.102417512567682
4.38727162968334	1.77632357876549
1.03453696876337	0.369309864676094
1.03453696876337	0.369309864676094
1.03410346929152	0.368993798246002
0.513911876619576	0.140280037852496
0.204534952459795	0.108829190567108
-2.07989964446188	0.371109543400991
-0.775202072038136	0.30007253106279
-3.84323535554872	1.13613478662279
1.33989092254131	0.784572693941219
-1.28164515586627	0.42404107043148
1.36285948362764	0.382826331053253
-0.0745919920411665	0.0328160331366975
-1.65882721260514	1.06742740083346
0.13996407475948	0.0607876032520393
-0.268176488861268	0.0994332535730212
0.52082841543711	0.102327123521973
1.87709677854307	0.677712862210528
-0.266749887233567	0.0988691444579695
0.704200292161626	0.339521329846398
-0.00903267783766663	0.00416920538970505
-1.60601550674796	0.623960113595491
0.521376974174262	0.102442056871029
-1.60601550674796	0.623960113595491
-0.334591427698127	0.0728431331452995
3.49417140758422	0.989739329356677
2.64561032217101	0.589361907449672
0.520746875925541	0.102302512051832
1.03457566820663	0.369219525665167
0.521376974174262	0.102442056871029
-0.434862726761842	0.140801131398702
0.486713370921318	0.166780686105613
1.03449817432543	0.369281958902435
0.521376974174262	0.102442056871029
1.36226782012475	0.38270035317985
1.36278634045704	0.382900995538424
2.64562077150263	0.589402910377343
1.88891686612868	1.1301351077261
0.0662152355763195	0.0213746653107393
0.0657427943130726	0.0212192905615849
0.485782311659241	0.166369855649377
1.39997540283312	0.614844783673638
2.64562077150263	0.589402910377343
-0.880938605832032	0.241800170118089
1.39961709676373	0.614867971945085
0.52082841543711	0.102327123521973
-2.07958913956006	0.371047769453289
1.87699673947791	0.677409453132549
-0.774458302378078	0.299813665201705
4.01190637519283	1.38005905507264
-3.45094799018387	0.877487384048771
-2.07958913956006	0.371047769453289
0.52082841543711	0.102327123521973
-3.45125721847474	0.877669857325644
-2.07958913956006	0.371047769453289
3.49417140758422	0.989739329356677
0.48606866080892	0.166437649835197
-3.45063894149186	0.877006747085803
1.87709677854307	0.677712862210528
0.513965058596701	0.140263455477391
1.36271301780706	0.382751888570998
2.25069682266121	0.990426720312637
1.398406262577	0.613938394919657
-2.91649668095713	0.624445621228737
1.36219416975168	0.382551221457693
-2.07989964446188	0.371109543400991
-2.07958913956006	0.371047769453289
-2.91617106368694	0.624120903177737
2.64562077150263	0.589402910377343
0.521376974174262	0.102442056871029
-2.07958913956006	0.371047769453289
-2.07958913956006	0.371047769453289
-2.07989964446188	0.371109543400991
1.87714659424117	0.677529673949604
0.520746875925541	0.102302512051832
-2.91649668095713	0.624445621228737
2.64562077150263	0.589402910377343
0.521295792365143	0.102417512567682
0.521376974174262	0.102442056871029
-2.07958913956006	0.371047769453289
1.36226782012475	0.38270035317985
-0.334591427698127	0.0728431331452995
-0.162905436892792	0.0668290796747145
0.838932353044429	0.355128732354838
-0.773852763982589	0.29948830405479
1.6587828579347	1.4926647734187
0.703700794641854	0.339385013976215
-0.766547648951063	0.383064688280574
0.513443582822609	0.140100976903003
-0.334663073571257	0.0728613922734098
1.39961709676373	0.614867971945085
-2.07958913956006	0.371047769453289
1.36219416975168	0.382551221457693
-0.54597850117495	0.238084816734045
-1.29511307860788	0.670009853291987
0.140227986291961	0.060879485737228
-0.435221535577	0.140888985548313
-1.60752298335698	0.624781750761417
-1.05489445342883	0.476330704248255
0.520746875925541	0.102302512051832
-1.28122517090297	0.423889153983301
-1.60663753958988	0.62434119143851
-0.43365941847557	0.140408025138428
-1.89379291280952	0.851806565024221
-2.07958913956006	0.371047769453289
2.64562077150263	0.589402910377343
-2.07989964446188	0.371109543400991
3.49417140758422	0.989739329356677
-0.334076780502539	0.0727094646529313
-2.07989964446188	0.371109543400991
-0.267620854792913	0.0992325255739851
-1.89320960807506	0.851350019455974
2.64562077150263	0.589402910377343
3.49417140758422	0.989739329356677
1.66822231292878	0.865904614238831
-2.07989964446188	0.371109543400991
0.52082841543711	0.102327123521973
-0.335106638690478	0.0729409167236386
-2.07958913956006	0.371047769453289
-0.879978149171213	0.241421497109103
0.521376974174262	0.102442056871029
1.87755743378303	0.677986115105732
0.0663554135132857	0.0214174268897892
-0.43301920573416	0.140125374470511
0.0949360915037404	0.0358894067913074
-1.05432469201584	0.476131056842047
-2.52058004874955	1.5964512439916
-2.13492878905239	1.09160228046893
1.87760699718853	0.67780269191099
0.0657427943130726	0.0212192905615849
0.424968170770436	0.170919382315977
-0.0742826387646577	0.0326736504945009
0.0649882532264197	0.0209752264218978
1.03489281558809	0.369221770974722
0.513911876619576	0.140280037852496
1.34034860965476	0.784677538591687
-0.334076780502539	0.0727094646529313
-0.025791218913819	0.00681328853985867
-2.07958913956006	0.371047769453289
3.49417140758422	0.989739329356677
-2.07958913956006	0.371047769453289
0.487358035898528	0.167026441801294
3.49419648863757	0.989479951389322
1.54753988893518	1.03709607775203
-1.27046788630881	0.87319977052727
2.53174816023744	1.30927296704806
0.839499169897761	0.355459950464003
0.0660747637315169	0.0213259005085459
-0.334076780502539	0.0727094646529313
0.838601034652569	0.355106353471167
0.424687894616273	0.170773229110893
-2.07958913956006	0.371047769453289
0.0949764239044868	0.0359049529434385
0.424371893196472	0.170649582227322
-0.0261852125292617	0.00691569697452709
0.52082841543711	0.102327123521973
-2.91649668095713	0.624445621228737
0.488856949155014	0.167522986809822
4.38727273954847	1.77610145085038
0.521376974174262	0.102442056871029
-0.880481812251125	0.24165234095306
-1.2808054947161	0.423675764186966
1.36278634045704	0.382900995538424
-0.269050172270091	0.0997878644532274
-2.07958913956006	0.371047769453289
-2.07989964446188	0.371109543400991
1.87750773502917	0.677942250732786
1.36278634045704	0.382900995538424
1.40054237221754	0.615218727213828
-0.334663073571257	0.0728613922734098
2.64562077150263	0.589402910377343
-1.28122517090297	0.423889153983301
1.36219416975168	0.382551221457693
-0.0270501141429592	0.0071371116774393
1.87704682704193	0.677668887736721
-2.91649668095713	0.624445621228737
0.52082841543711	0.102327123521973
-3.45125721847474	0.877669857325644
-0.334591427698127	0.0728431331452995
-2.91649668095713	0.624445621228737
-2.07958913956006	0.371047769453289
1.36219416975168	0.382551221457693
-2.91649668095713	0.624445621228737
-2.91649668095713	0.624445621228737
-3.45094799018387	0.877487384048771
-0.334591427698127	0.0728431331452995
-2.91649668095713	0.624445621228737
-0.334591427698127	0.0728431331452995
-0.269645285884945	0.100046416232294
1.87755743378303	0.677986115105732
-0.334591427698127	0.0728431331452995
-0.334148103088463	0.0727276400661628
-1.2808054947161	0.423675764186966
1.87755743378303	0.677986115105732
-2.07989964446188	0.371109543400991
-2.07989964446188	0.371109543400991
-2.07989964446188	0.371109543400991
-0.335178608919124	0.0729592526861112
2.64561032217101	0.589361907449672
-2.07958913956006	0.371047769453289
2.64562077150263	0.589402910377343
3.49417140758422	0.989739329356677
1.87755743378303	0.677986115105732
-2.91682248761315	0.624396194263068
-2.07958913956006	0.371047769453289
0.521295792365143	0.102417512567682
-2.07989964446188	0.371109543400991
0.52082841543711	0.102327123521973
-2.07989964446188	0.371109543400991
0.521295792365143	0.102417512567682
0.520746875925541	0.102302512051832
2.64561032217101	0.589361907449672
2.64562077150263	0.589402910377343
-2.07989964446188	0.371109543400991
-2.07958913956006	0.371047769453289
-2.07958913956006	0.371047769453289
-0.334148103088463	0.0727276400661628
-2.07989964446188	0.371109543400991
-2.91649668095713	0.624445621228737
-2.91617106368694	0.624120903177737
2.64562077150263	0.589402910377343
3.49417140758422	0.989739329356677
-2.07989964446188	0.371109543400991
2.64561032217101	0.589361907449672
2.64561032217101	0.589361907449672
-2.07958913956006	0.371047769453289
-2.07958913956006	0.371047769453289
-2.07958913956006	0.371047769453289
-2.07989964446188	0.371109543400991
0.52082841543711	0.102327123521973
-0.334591427698127	0.0728431331452995
-0.334076780502539	0.0727094646529313
0.521295792365143	0.102417512567682
-2.91617106368694	0.624120903177737
-1.28206545026504	0.424095092138483
2.53120625549266	1.30807039068644
0.521376974174262	0.102442056871029
-0.433940492185269	0.140472218685469
-2.07958913956006	0.371047769453289
1.36278634045704	0.382900995538424
-2.07989964446188	0.371109543400991
1.36285948362764	0.382826331053253
4.01189048449851	1.37952290061321
-0.435503515415525	0.14103636134532
-0.433378758635588	0.140261400567565
0.521376974174262	0.102442056871029
-0.880434251958766	0.241640521554225
-0.0261852125292617	0.00691569697452709
-0.335178608919124	0.0729592526861112
1.03449817432543	0.369281958902435
3.49417140758422	0.989739329356677
1.03453696876337	0.369309864676094
-0.334591427698127	0.0728431331452995
1.36226782012475	0.38270035317985
0.513965058596701	0.140263455477391
-2.07958913956006	0.371047769453289
-0.334591427698127	0.0728431331452995
0.520746875925541	0.102302512051832
-2.91617106368694	0.624120903177737
3.49417140758422	0.989739329356677
2.64562077150263	0.589402910377343
-2.07989964446188	0.371109543400991
2.64561032217101	0.589361907449672
0.513858555507521	0.140220414429152
-2.07958913956006	0.371047769453289
-2.07989964446188	0.371109543400991
1.36234129038989	0.382625867074114
-3.45094799018387	0.877487384048771
1.36226782012475	0.38270035317985
0.52082841543711	0.102327123521973
2.64561032217101	0.589361907449672
2.64562077150263	0.589402910377343
-2.07958913956006	0.371047769453289
0.521376974174262	0.102442056871029
0.521295792365143	0.102417512567682
1.36285948362764	0.382826331053253
-0.334076780502539	0.0727094646529313
-3.45094799018387	0.877487384048771
-2.91617106368694	0.624120903177737
0.521376974174262	0.102442056871029
-2.91649668095713	0.624445621228737
1.87750773502917	0.677942250732786
4.68290986524103	2.18291565624527
4.38727273954847	1.77610145085038
-2.07989964446188	0.371109543400991
1.87704682704193	0.677668887736721
-0.433940492185269	0.140472218685469
-0.773112232625657	0.298934378114489
0.521295792365143	0.102417512567682
-2.07989964446188	0.371109543400991
-0.335106638690478	0.0729409167236386
2.64561032217101	0.589361907449672
2.64562077150263	0.589402910377343
-2.07989964446188	0.371109543400991
-2.07958913956006	0.371047769453289
-2.07989964446188	0.371109543400991
-2.07989964446188	0.371109543400991
2.64561032217101	0.589361907449672
0.521376974174262	0.102442056871029
0.513911876619576	0.140280037852496
0.487643467139932	0.167144104655269
1.36285948362764	0.382826331053253
-3.45063894149186	0.877006747085803
1.03410346929152	0.368993798246002
2.25023832892151	0.990111412842066
-0.774595298754681	0.299780097586329
-0.16288900329726	0.0668198716584316
1.11359108282991	0.561687522856565
-2.91649668095713	0.624445621228737
-1.60663753958988	0.62434119143851
-0.880938605832032	0.241800170118089
2.64562077150263	0.589402910377343
-0.334591427698127	0.0728431331452995
0.520746875925541	0.102302512051832
-2.07958913956006	0.371047769453289
2.64562077150263	0.589402910377343
0.521295792365143	0.102417512567682
-0.881347786322319	0.241870159042159
-1.28167745364592	0.424042905980538
1.36271301780706	0.382751888570998
-0.334076780502539	0.0727094646529313
0.521376974174262	0.102442056871029
-0.433378758635588	0.140261400567565
0.513858555507521	0.140220414429152
0.513443582822609	0.140100976903003
0.52082841543711	0.102327123521973
0.52082841543711	0.102327123521973
-2.91649668095713	0.624445621228737
1.39990061952485	0.614840959306513
0.514326643122236	0.140322765639352
-0.575801282645363	0.353548161849968
2.56767422738618	2.37329360282769
0.204646344996111	0.108913779288695
0.42552716080961	0.17112127666265
0.521376974174262	0.102442056871029
-2.07958913956006	0.371047769453289
2.64561032217101	0.589361907449672
-3.84380170020758	1.13706777307065
3.49417140758422	0.989739329356677
2.64561032217101	0.589361907449672
-2.07989964446188	0.371109543400991
-0.732246412182021	0.436142485802506
-0.431819108026318	0.139683933117468
-2.07958913956006	0.371047769453289
-0.43365941847557	0.140408025138428
0.513443582822609	0.140100976903003
3.49417140758422	0.989739329356677
1.03500865207565	0.369299032839646
2.25066256187878	0.990461503677281
-2.07958913956006	0.371047769453289
0.521295792365143	0.102417512567682
-4.64247752913026	1.99399692745331
0.837842107507652	0.354549506279693
0.53558372047861	0.390539823893466
0.391395302026926	0.221194528928816
-0.00851626531004079	0.00393408333782603
2.64562077150263	0.589402910377343
0.838127491271256	0.354718145342281
-0.880434251958766	0.241640521554225
0.513965058596701	0.140263455477391
-0.334591427698127	0.0728431331452995
2.2503071071698	0.989767345358803
1.36278634045704	0.382900995538424
-0.432098865615808	0.139747734639603
1.03406449202416	0.368965829969627
-1.28041791694491	0.423358821054683
-0.0266558194681073	0.00703797579722843
1.88780662970205	1.12901121990228
-0.335106638690478	0.0729409167236386
0.0659339974997732	0.0212714667384746
4.01190637519283	1.38005905507264
0.514432627396148	0.140365643845512
-1.89425081433171	0.852123343821616
-1.60486930221244	0.6232391105785
0.839216353210562	0.355437265415388
0.424371893196472	0.170649582227322
0.838743083722512	0.35516352183281
0.520746875925541	0.102302512051832
0.513390001278613	0.140041359785991
-1.2808054947161	0.423675764186966
1.73045833723652	1.30694045670833
-2.07989964446188	0.371109543400991
0.422051588644069	0.169509046934828
0.521295792365143	0.102417512567682
2.25062821053487	0.990333711175524
-2.07958913956006	0.371047769453289
-0.334663073571257	0.0728613922734098
0.0648467986476733	0.0209261864989387
-0.334076780502539	0.0727094646529313
0.838743083722512	0.35516352183281
-0.268771292431537	0.0997015317057297
0.839074501303243	0.35532636932229
-0.879978149171213	0.241421497109103
-0.0266174972999866	0.00702719711458675
-0.26649195620451	0.098732550565133
2.64561032217101	0.589361907449672
-0.881347786322319	0.241870159042159
0.521295792365143	0.102417512567682
-0.334663073571257	0.0728613922734098
0.424687894616273	0.170773229110893
1.88950779689275	1.13041304676138
0.514432627396148	0.140365643845512
0.513965058596701	0.140263455477391
-0.0261471659501138	0.00690148067807015
1.39812123802039	0.613702005946584
-1.89425081433171	0.852123343821616
-2.07958913956006	0.371047769453289
4.01192215213287	1.38013155858976
1.36226782012475	0.38270035317985
-2.07989964446188	0.371109543400991
-0.43301920573416	0.140125374470511
4.01192215213287	1.38013155858976
1.87709677854307	0.677712862210528
-0.334076780502539	0.0727094646529313
0.520746875925541	0.102302512051832
2.2503071071698	0.989767345358803
3.49417140758422	0.989739329356677
-3.45063894149186	0.877006747085803
1.87755743378303	0.677986115105732
-2.91649668095713	0.624445621228737
-3.45125721847474	0.877669857325644
2.64562077150263	0.589402910377343
-3.45094799018387	0.877487384048771
0.521295792365143	0.102417512567682
-0.433940492185269	0.140472218685469
0.514379704593254	0.140382320750018
-4.41352562502052	1.68598128290235
-0.880890797275026	0.241788262568866
1.03449817432543	0.369281958902435
0.703700794641854	0.339385013976215
0.837984948073137	0.354660733567109
1.03410346929152	0.368993798246002
-1.28125729906157	0.423890911380227
2.64561032217101	0.589361907449672
-2.91649668095713	0.624445621228737
0.521376974174262	0.102442056871029
1.36234129038989	0.382625867074114
-0.334591427698127	0.0728431331452995
0.513965058596701	0.140263455477391
2.64562077150263	0.589402910377343
-2.07958913956006	0.371047769453289
-2.07989964446188	0.371109543400991
-2.91682248761315	0.624396194263068
1.36271301780706	0.382751888570998
-2.07989964446188	0.371109543400991
-0.334591427698127	0.0728431331452995
-2.07958913956006	0.371047769453289
-0.334663073571257	0.0728613922734098
-2.07989964446188	0.371109543400991
-2.07989964446188	0.371109543400991
2.64562077150263	0.589402910377343
2.64562077150263	0.589402910377343
-3.45094799018387	0.877487384048771
-2.07958913956006	0.371047769453289
-2.07958913956006	0.371047769453289
-2.91649668095713	0.624445621228737
1.36219416975168	0.382551221457693
0.520746875925541	0.102302512051832
2.64561032217101	0.589361907449672
2.64561032217101	0.589361907449672
3.49419648863757	0.989479951389322
-3.45094799018387	0.877487384048771
0.521376974174262	0.102442056871029
-0.43365941847557	0.140408025138428
4.38727162968334	1.77632357876549
-2.07989964446188	0.371109543400991
-2.07989964446188	0.371109543400991
-2.07989964446188	0.371109543400991
-2.07958913956006	0.371047769453289
2.64562077150263	0.589402910377343
-2.07958913956006	0.371047769453289
-2.91649668095713	0.624445621228737
2.64562077150263	0.589402910377343
0.838743083722512	0.35516352183281
0.521295792365143	0.102417512567682
4.01192215213287	1.38013155858976
-0.433940492185269	0.140472218685469
-0.880434251958766	0.241640521554225
1.54753988893518	1.03709607775203
-0.335178608919124	0.0729592526861112
-2.91649668095713	0.624445621228737
1.87714659424117	0.677529673949604
-0.380577521718284	0.179646734246477
-2.07989964446188	0.371109543400991
