group	fill	colour	clickSelects
1101	#FFFFFF	#D3D3D3	26
1251	#FFFFFF	#D3D3D3	26
1301	#FFFFFF	#D3D3D3	26
1302	#FFFFFF	#D3D3D3	26
1351	#FFFFFF	#D3D3D3	26
1352	#FFFFFF	#D3D3D3	26
1401	#FFFFFF	#D3D3D3	26
1402	#FFFFFF	#D3D3D3	26
1403	#FFFFFF	#D3D3D3	101
1452	#FFFFFF	#D3D3D3	26
1453	#FFFFFF	#D3D3D3	101
1464	#FFFFFF	#D3D3D3	101
1502	#FFFFFF	#D3D3D3	26
1503	#FFFFFF	#D3D3D3	101
1504	#FFFFFF	#D3D3D3	101
1515	#FFFFFF	#D3D3D3	101
1553	#FFFFFF	#D3D3D3	26
1554	#FFFFFF	#D3D3D3	101
1565	#FFFFFF	#D3D3D3	101
1576	#FFFFFF	#D3D3D3	16
1603	#FFFFFF	#D3D3D3	101
1604	#FFFFFF	#D3D3D3	101
1605	#FFFFFF	#D3D3D3	101
1616	#FFFFFF	#D3D3D3	101
1627	#FFFFFF	#D3D3D3	16
1654	#FFFFFF	#D3D3D3	101
1655	#FFFFFF	#D3D3D3	101
1666	#FFFFFF	#D3D3D3	101
1677	#FFFFFF	#D3D3D3	16
1688	#FFFFFF	#D3D3D3	16
1704	#FFFFFF	#D3D3D3	101
1705	#FFFFFF	#D3D3D3	101
1706	#FFFFFF	#D3D3D3	16
1717	#FFFFFF	#D3D3D3	16
1728	#FFFFFF	#D3D3D3	16
1739	#FFFFFF	#D3D3D3	16
1754	#FFFFFF	#D3D3D3	101
1755	#FFFFFF	#D3D3D3	101
1766	#FFFFFF	#D3D3D3	16
1777	#FFFFFF	#D3D3D3	16
1788	#FFFFFF	#D3D3D3	16
1799	#FFFFFF	#D3D3D3	16
1804	#FFFFFF	#D3D3D3	101
1805	#FFFFFF	#D3D3D3	101
1806	#FFFFFF	#D3D3D3	16
1817	#FFFFFF	#D3D3D3	16
1828	#FFFFFF	#D3D3D3	16
1839	#FFFFFF	#D3D3D3	16
1849	#FFFFFF	#D3D3D3	16
1854	#FFFFFF	#D3D3D3	74
1855	#FFFFFF	#D3D3D3	101
1866	#FFFFFF	#D3D3D3	16
1877	#FFFFFF	#D3D3D3	16
1888	#FFFFFF	#D3D3D3	16
1899	#FFFFFF	#D3D3D3	16
1900	#FFFFFF	#D3D3D3	16
1904	#FFFFFF	#D3D3D3	101
1905	#FFFFFF	#D3D3D3	74
1906	#FFFFFF	#D3D3D3	101
1917	#FFFFFF	#D3D3D3	16
1928	#FFFFFF	#D3D3D3	16
1939	#FFFFFF	#D3D3D3	16
1949	#FFFFFF	#D3D3D3	16
1950	#FFFFFF	#D3D3D3	16
1954	#FFFFFF	#D3D3D3	74
1955	#FFFFFF	#D3D3D3	74
1966	#FFFFFF	#D3D3D3	101
1977	#FFFFFF	#D3D3D3	16
1988	#FFFFFF	#D3D3D3	16
1999	#FFFFFF	#D3D3D3	16
2000	#FFFFFF	#D3D3D3	16
2001	#FFFFFF	#D3D3D3	16
2004	#FFFFFF	#D3D3D3	74
2005	#FFFFFF	#D3D3D3	74
2006	#FFFFFF	#D3D3D3	74
2017	#FFFFFF	#D3D3D3	101
2028	#FFFFFF	#D3D3D3	16
2039	#FFFFFF	#D3D3D3	16
2049	#FFFFFF	#D3D3D3	16
2050	#FFFFFF	#D3D3D3	16
2051	#FFFFFF	#D3D3D3	16
2054	#FFFFFF	#D3D3D3	74
2055	#FFFFFF	#D3D3D3	74
2066	#FFFFFF	#D3D3D3	74
2077	#FFFFFF	#D3D3D3	101
2088	#FFFFFF	#D3D3D3	16
2099	#FFFFFF	#D3D3D3	16
2100	#FFFFFF	#D3D3D3	16
2101	#FFFFFF	#D3D3D3	16
2102	#FFFFFF	#D3D3D3	16
2104	#FFFFFF	#D3D3D3	74
2105	#FFFFFF	#D3D3D3	74
2106	#FFFFFF	#D3D3D3	74
2117	#FFFFFF	#D3D3D3	23
2128	#FFFFFF	#D3D3D3	16
2139	#FFFFFF	#D3D3D3	16
2149	#FFFFFF	#D3D3D3	16
2150	#FFFFFF	#D3D3D3	16
2151	#FFFFFF	#D3D3D3	16
2152	#FFFFFF	#D3D3D3	16
2155	#FFFFFF	#D3D3D3	74
2156	#FFFFFF	#D3D3D3	74
2167	#FFFFFF	#D3D3D3	74
2178	#FFFFFF	#D3D3D3	23
2189	#FFFFFF	#D3D3D3	16
2200	#FFFFFF	#D3D3D3	16
2201	#FFFFFF	#D3D3D3	16
2202	#FFFFFF	#D3D3D3	16
2203	#FFFFFF	#D3D3D3	16
2204	#FFFFFF	#D3D3D3	16
2205	#FFFFFF	#D3D3D3	74
2206	#FFFFFF	#D3D3D3	23
2207	#FFFFFF	#D3D3D3	74
2218	#FFFFFF	#D3D3D3	74
2229	#FFFFFF	#D3D3D3	23
2240	#FFFFFF	#D3D3D3	16
2250	#FFFFFF	#D3D3D3	16
2251	#FFFFFF	#D3D3D3	16
2252	#FFFFFF	#D3D3D3	16
2253	#FFFFFF	#D3D3D3	16
2254	#FFFFFF	#D3D3D3	16
2355	#FFFFFF	#D3D3D3	23
2356	#FFFFFF	#D3D3D3	23
2357	#FFFFFF	#D3D3D3	16
2367	#FFFFFF	#D3D3D3	74
2378	#FFFFFF	#D3D3D3	74
2389	#FFFFFF	#D3D3D3	23
2400	#FFFFFF	#D3D3D3	23
2401	#FFFFFF	#D3D3D3	16
2402	#FFFFFF	#D3D3D3	16
2403	#FFFFFF	#D3D3D3	16
2404	#FFFFFF	#D3D3D3	16
2405	#FFFFFF	#D3D3D3	23
2406	#FFFFFF	#D3D3D3	23
2407	#FFFFFF	#D3D3D3	23
2408	#FFFFFF	#D3D3D3	16
2418	#FFFFFF	#D3D3D3	74
2429	#FFFFFF	#D3D3D3	74
2440	#FFFFFF	#D3D3D3	23
2450	#FFFFFF	#D3D3D3	16
2451	#FFFFFF	#D3D3D3	16
2452	#FFFFFF	#D3D3D3	16
2453	#FFFFFF	#D3D3D3	16
2454	#FFFFFF	#D3D3D3	16
2455	#FFFFFF	#D3D3D3	23
2456	#FFFFFF	#D3D3D3	16
2457	#FFFFFF	#D3D3D3	16
2458	#FFFFFF	#D3D3D3	16
2467	#FFFFFF	#D3D3D3	23
2478	#FFFFFF	#D3D3D3	74
2489	#FFFFFF	#D3D3D3	23
2500	#FFFFFF	#D3D3D3	23
2501	#FFFFFF	#D3D3D3	16
2502	#FFFFFF	#D3D3D3	16
2503	#FFFFFF	#D3D3D3	16
2504	#FFFFFF	#D3D3D3	16
2505	#FFFFFF	#D3D3D3	23
2506	#FFFFFF	#D3D3D3	23
2507	#FFFFFF	#D3D3D3	16
2508	#FFFFFF	#D3D3D3	16
2509	#FFFFFF	#D3D3D3	16
2518	#FFFFFF	#D3D3D3	23
2529	#FFFFFF	#D3D3D3	23
2540	#FFFFFF	#D3D3D3	23
2550	#FFFFFF	#D3D3D3	23
2551	#FFFFFF	#D3D3D3	16
2552	#FFFFFF	#D3D3D3	16
2553	#FFFFFF	#D3D3D3	16
2554	#FFFFFF	#D3D3D3	16
2555	#FFFFFF	#D3D3D3	23
2556	#FFFFFF	#D3D3D3	16
2557	#FFFFFF	#D3D3D3	16
2558	#FFFFFF	#D3D3D3	16
2559	#FFFFFF	#D3D3D3	16
2567	#FFFFFF	#D3D3D3	16
2578	#FFFFFF	#D3D3D3	23
2589	#FFFFFF	#D3D3D3	23
2600	#FFFFFF	#D3D3D3	23
2601	#FFFFFF	#D3D3D3	23
2602	#FFFFFF	#D3D3D3	16
2603	#FFFFFF	#D3D3D3	16
2604	#FFFFFF	#D3D3D3	16
2605	#FFFFFF	#D3D3D3	23
2606	#FFFFFF	#D3D3D3	23
2607	#FFFFFF	#D3D3D3	16
2608	#FFFFFF	#D3D3D3	16
2609	#FFFFFF	#D3D3D3	16
2610	#FFFFFF	#D3D3D3	16
2618	#FFFFFF	#D3D3D3	16
2629	#FFFFFF	#D3D3D3	23
2640	#FFFFFF	#D3D3D3	23
2650	#FFFFFF	#D3D3D3	23
2651	#FFFFFF	#D3D3D3	23
2652	#FFFFFF	#D3D3D3	16
2653	#FFFFFF	#D3D3D3	16
2654	#FFFFFF	#D3D3D3	16
2655	#FFFFFF	#D3D3D3	23
2656	#FFFFFF	#D3D3D3	23
2657	#FFFFFF	#D3D3D3	16
2658	#FFFFFF	#D3D3D3	16
2659	#FFFFFF	#D3D3D3	16
2660	#FFFFFF	#D3D3D3	16
2667	#FFFFFF	#D3D3D3	16
2678	#FFFFFF	#D3D3D3	16
2689	#FFFFFF	#D3D3D3	23
2700	#FFFFFF	#D3D3D3	23
2701	#FFFFFF	#D3D3D3	23
2702	#FFFFFF	#D3D3D3	23
2703	#FFFFFF	#D3D3D3	16
2704	#FFFFFF	#D3D3D3	16
2705	#FFFFFF	#D3D3D3	23
2706	#FFFFFF	#D3D3D3	23
2707	#FFFFFF	#D3D3D3	23
2708	#FFFFFF	#D3D3D3	16
2709	#FFFFFF	#D3D3D3	16
2710	#FFFFFF	#D3D3D3	16
2711	#FFFFFF	#D3D3D3	16
2718	#FFFFFF	#D3D3D3	16
2729	#FFFFFF	#D3D3D3	16
2740	#FFFFFF	#D3D3D3	23
2750	#FFFFFF	#D3D3D3	23
2751	#FFFFFF	#D3D3D3	23
2752	#FFFFFF	#D3D3D3	23
2753	#FFFFFF	#D3D3D3	16
2754	#FFFFFF	#D3D3D3	16
2755	#FFFFFF	#D3D3D3	23
2756	#FFFFFF	#D3D3D3	23
2757	#FFFFFF	#D3D3D3	16
2758	#FFFFFF	#D3D3D3	16
2759	#FFFFFF	#D3D3D3	16
2760	#FFFFFF	#D3D3D3	16
2761	#FFFFFF	#D3D3D3	16
2767	#FFFFFF	#D3D3D3	23
2778	#FFFFFF	#D3D3D3	16
2789	#FFFFFF	#D3D3D3	16
2800	#FFFFFF	#D3D3D3	23
2801	#FFFFFF	#D3D3D3	23
2802	#FFFFFF	#D3D3D3	23
2803	#FFFFFF	#D3D3D3	23
2804	#FFFFFF	#D3D3D3	16
2805	#FFFFFF	#D3D3D3	23
2806	#FFFFFF	#D3D3D3	23
2807	#FFFFFF	#D3D3D3	23
2808	#FFFFFF	#D3D3D3	16
2809	#FFFFFF	#D3D3D3	16
2810	#FFFFFF	#D3D3D3	16
2811	#FFFFFF	#D3D3D3	16
2812	#FFFFFF	#D3D3D3	16
2818	#FFFFFF	#D3D3D3	23
2829	#FFFFFF	#D3D3D3	16
2840	#FFFFFF	#D3D3D3	23
2850	#FFFFFF	#D3D3D3	23
2851	#FFFFFF	#D3D3D3	23
2852	#FFFFFF	#D3D3D3	16
2853	#FFFFFF	#D3D3D3	23
2854	#FFFFFF	#D3D3D3	16
2855	#FFFFFF	#D3D3D3	23
2856	#FFFFFF	#D3D3D3	23
2857	#FFFFFF	#D3D3D3	16
2858	#FFFFFF	#D3D3D3	16
2859	#FFFFFF	#D3D3D3	16
2860	#FFFFFF	#D3D3D3	16
2861	#FFFFFF	#D3D3D3	16
2862	#FFFFFF	#D3D3D3	16
2878	#FFFFFF	#D3D3D3	23
2889	#FFFFFF	#D3D3D3	16
2900	#FFFFFF	#D3D3D3	16
2901	#FFFFFF	#D3D3D3	23
2902	#FFFFFF	#D3D3D3	23
2903	#FFFFFF	#D3D3D3	16
2904	#FFFFFF	#D3D3D3	16
2905	#FFFFFF	#D3D3D3	23
2906	#FFFFFF	#D3D3D3	23
2907	#FFFFFF	#D3D3D3	23
2908	#FFFFFF	#D3D3D3	16
2909	#FFFFFF	#D3D3D3	16
2910	#FFFFFF	#D3D3D3	16
2911	#FFFFFF	#D3D3D3	16
2912	#FFFFFF	#D3D3D3	16
2913	#FFFFFF	#D3D3D3	16
2918	#FFFFFF	#D3D3D3	23
2929	#FFFFFF	#D3D3D3	16
2940	#FFFFFF	#D3D3D3	16
2950	#FFFFFF	#D3D3D3	16
2951	#FFFFFF	#D3D3D3	23
2952	#FFFFFF	#D3D3D3	16
2953	#FFFFFF	#D3D3D3	16
2954	#FFFFFF	#D3D3D3	16
2955	#FFFFFF	#D3D3D3	23
2958	#FFFFFF	#D3D3D3	16
2959	#FFFFFF	#D3D3D3	16
2960	#FFFFFF	#D3D3D3	16
2961	#FFFFFF	#D3D3D3	16
2962	#FFFFFF	#D3D3D3	16
2963	#FFFFFF	#D3D3D3	16
2967	#FFFFFF	#D3D3D3	23
2978	#FFFFFF	#D3D3D3	23
2989	#FFFFFF	#D3D3D3	23
3000	#FFFFFF	#D3D3D3	16
3001	#FFFFFF	#D3D3D3	16
3002	#FFFFFF	#D3D3D3	23
3003	#FFFFFF	#D3D3D3	16
3004	#FFFFFF	#D3D3D3	16
3005	#FFFFFF	#D3D3D3	23
3006	#FFFFFF	#D3D3D3	23
3007	#FFFFFF	#D3D3D3	23
3008	#FFFFFF	#D3D3D3	16
3009	#FFFFFF	#D3D3D3	16
3010	#FFFFFF	#D3D3D3	16
3011	#FFFFFF	#D3D3D3	16
3012	#FFFFFF	#D3D3D3	16
3013	#FFFFFF	#D3D3D3	16
3014	#FFFFFF	#D3D3D3	16
3018	#FFFFFF	#D3D3D3	23
3029	#FFFFFF	#D3D3D3	23
3040	#FFFFFF	#D3D3D3	16
3050	#FFFFFF	#D3D3D3	16
3051	#FFFFFF	#D3D3D3	16
3052	#FFFFFF	#D3D3D3	16
3053	#FFFFFF	#D3D3D3	16
3054	#FFFFFF	#D3D3D3	16
3055	#FFFFFF	#D3D3D3	23
3057	#FFFFFF	#D3D3D3	16
3058	#FFFFFF	#D3D3D3	16
3059	#FFFFFF	#D3D3D3	16
3060	#FFFFFF	#D3D3D3	16
3061	#FFFFFF	#D3D3D3	16
3062	#FFFFFF	#D3D3D3	16
3063	#FFFFFF	#D3D3D3	16
3064	#FFFFFF	#D3D3D3	16
3067	#FFFFFF	#D3D3D3	23
3078	#FFFFFF	#D3D3D3	23
3089	#FFFFFF	#D3D3D3	23
3100	#FFFFFF	#D3D3D3	23
3101	#FFFFFF	#D3D3D3	16
3102	#FFFFFF	#D3D3D3	16
3103	#FFFFFF	#D3D3D3	16
3104	#FFFFFF	#D3D3D3	16
3105	#FFFFFF	#D3D3D3	23
3106	#FFFFFF	#D3D3D3	23
3108	#FFFFFF	#D3D3D3	16
3109	#FFFFFF	#D3D3D3	16
3110	#FFFFFF	#D3D3D3	16
3111	#FFFFFF	#D3D3D3	16
3112	#FFFFFF	#D3D3D3	16
3113	#FFFFFF	#D3D3D3	16
3114	#FFFFFF	#D3D3D3	16
3115	#FFFFFF	#D3D3D3	16
3118	#FFFFFF	#D3D3D3	23
3129	#FFFFFF	#D3D3D3	23
3140	#FFFFFF	#D3D3D3	23
3150	#FFFFFF	#D3D3D3	23
3151	#FFFFFF	#D3D3D3	16
3152	#FFFFFF	#D3D3D3	16
3153	#FFFFFF	#D3D3D3	16
3154	#FFFFFF	#D3D3D3	16
3156	#FFFFFF	#D3D3D3	23
3157	#FFFFFF	#D3D3D3	16
3158	#FFFFFF	#D3D3D3	16
3159	#FFFFFF	#D3D3D3	16
3160	#FFFFFF	#D3D3D3	16
3161	#FFFFFF	#D3D3D3	16
3162	#FFFFFF	#D3D3D3	16
3163	#FFFFFF	#D3D3D3	16
3164	#FFFFFF	#D3D3D3	16
3165	#FFFFFF	#D3D3D3	16
3167	#FFFFFF	#D3D3D3	23
3178	#FFFFFF	#D3D3D3	23
3189	#FFFFFF	#D3D3D3	23
3200	#FFFFFF	#D3D3D3	23
3201	#FFFFFF	#D3D3D3	23
3202	#FFFFFF	#D3D3D3	16
3203	#FFFFFF	#D3D3D3	16
3204	#FFFFFF	#D3D3D3	16
3205	#FFFFFF	#D3D3D3	23
3206	#FFFFFF	#D3D3D3	23
3207	#FFFFFF	#D3D3D3	23
3208	#FFFFFF	#D3D3D3	16
3209	#FFFFFF	#D3D3D3	16
3210	#FFFFFF	#D3D3D3	16
3211	#FFFFFF	#D3D3D3	16
3212	#FFFFFF	#D3D3D3	16
3213	#FFFFFF	#D3D3D3	16
3214	#FFFFFF	#D3D3D3	16
3215	#FFFFFF	#D3D3D3	16
3216	#FFFFFF	#D3D3D3	16
3229	#FFFFFF	#D3D3D3	23
3240	#FFFFFF	#D3D3D3	23
3250	#FFFFFF	#D3D3D3	23
3251	#FFFFFF	#D3D3D3	23
3252	#FFFFFF	#D3D3D3	16
3253	#FFFFFF	#D3D3D3	16
3254	#FFFFFF	#D3D3D3	16
3255	#FFFFFF	#D3D3D3	23
3256	#FFFFFF	#D3D3D3	23
3257	#FFFFFF	#D3D3D3	16
3258	#FFFFFF	#D3D3D3	16
3259	#FFFFFF	#D3D3D3	16
3260	#FFFFFF	#D3D3D3	16
3261	#FFFFFF	#D3D3D3	16
3262	#FFFFFF	#D3D3D3	16
3263	#FFFFFF	#D3D3D3	16
3264	#FFFFFF	#D3D3D3	16
3265	#FFFFFF	#D3D3D3	16
3266	#FFFFFF	#D3D3D3	16
3267	#FFFFFF	#D3D3D3	23
3278	#FFFFFF	#D3D3D3	23
3289	#FFFFFF	#D3D3D3	23
3300	#FFFFFF	#D3D3D3	23
3301	#FFFFFF	#D3D3D3	23
3302	#FFFFFF	#D3D3D3	23
3303	#FFFFFF	#D3D3D3	16
3304	#FFFFFF	#D3D3D3	16
3305	#FFFFFF	#D3D3D3	72
3306	#FFFFFF	#D3D3D3	23
3308	#FFFFFF	#D3D3D3	16
3309	#FFFFFF	#D3D3D3	16
3310	#FFFFFF	#D3D3D3	16
3311	#FFFFFF	#D3D3D3	16
3312	#FFFFFF	#D3D3D3	16
3313	#FFFFFF	#D3D3D3	16
3314	#FFFFFF	#D3D3D3	16
3315	#FFFFFF	#D3D3D3	16
3316	#FFFFFF	#D3D3D3	16
3317	#FFFFFF	#D3D3D3	16
3318	#FFFFFF	#D3D3D3	23
3340	#FFFFFF	#D3D3D3	23
3350	#FFFFFF	#D3D3D3	23
3351	#FFFFFF	#D3D3D3	23
3353	#FFFFFF	#D3D3D3	16
3354	#FFFFFF	#D3D3D3	16
3455	#FFFFFF	#D3D3D3	72
3456	#FFFFFF	#D3D3D3	23
3457	#FFFFFF	#D3D3D3	16
3458	#FFFFFF	#D3D3D3	16
3459	#FFFFFF	#D3D3D3	16
3460	#FFFFFF	#D3D3D3	16
3461	#FFFFFF	#D3D3D3	16
3462	#FFFFFF	#D3D3D3	16
3463	#FFFFFF	#D3D3D3	16
3464	#FFFFFF	#D3D3D3	16
3465	#FFFFFF	#D3D3D3	16
3466	#FFFFFF	#D3D3D3	16
3467	#FFFFFF	#D3D3D3	23
3468	#FFFFFF	#D3D3D3	16
3478	#FFFFFF	#D3D3D3	23
3500	#FFFFFF	#D3D3D3	23
3501	#FFFFFF	#D3D3D3	23
3502	#FFFFFF	#D3D3D3	23
3503	#FFFFFF	#D3D3D3	23
3504	#FFFFFF	#D3D3D3	16
3505	#FFFFFF	#D3D3D3	72
3506	#FFFFFF	#D3D3D3	72
3507	#FFFFFF	#D3D3D3	72
3508	#FFFFFF	#D3D3D3	16
3509	#FFFFFF	#D3D3D3	16
3510	#FFFFFF	#D3D3D3	16
3511	#FFFFFF	#D3D3D3	16
3512	#FFFFFF	#D3D3D3	16
3513	#FFFFFF	#D3D3D3	16
3514	#FFFFFF	#D3D3D3	16
3515	#FFFFFF	#D3D3D3	16
3516	#FFFFFF	#D3D3D3	16
3517	#FFFFFF	#D3D3D3	16
3518	#FFFFFF	#D3D3D3	23
3519	#FFFFFF	#D3D3D3	16
3529	#FFFFFF	#D3D3D3	23
3550	#FFFFFF	#D3D3D3	23
3551	#FFFFFF	#D3D3D3	23
3552	#FFFFFF	#D3D3D3	23
3553	#FFFFFF	#D3D3D3	23
3554	#FFFFFF	#D3D3D3	16
3555	#FFFFFF	#D3D3D3	72
3556	#FFFFFF	#D3D3D3	72
3557	#FFFFFF	#D3D3D3	16
3558	#FFFFFF	#D3D3D3	16
3559	#FFFFFF	#D3D3D3	16
3560	#FFFFFF	#D3D3D3	16
3561	#FFFFFF	#D3D3D3	16
3562	#FFFFFF	#D3D3D3	16
3563	#FFFFFF	#D3D3D3	16
3564	#FFFFFF	#D3D3D3	16
3565	#FFFFFF	#D3D3D3	16
3566	#FFFFFF	#D3D3D3	16
3567	#FFFFFF	#D3D3D3	23
3568	#FFFFFF	#D3D3D3	16
3569	#FFFFFF	#D3D3D3	16
3578	#FFFFFF	#D3D3D3	23
3589	#FFFFFF	#D3D3D3	23
3600	#FFFFFF	#D3D3D3	23
3601	#FFFFFF	#D3D3D3	23
3602	#FFFFFF	#D3D3D3	23
3603	#FFFFFF	#D3D3D3	23
3604	#FFFFFF	#D3D3D3	23
3605	#FFFFFF	#D3D3D3	72
3606	#FFFFFF	#D3D3D3	72
3607	#FFFFFF	#D3D3D3	72
3608	#FFFFFF	#D3D3D3	23
3609	#FFFFFF	#D3D3D3	16
3610	#FFFFFF	#D3D3D3	16
3611	#FFFFFF	#D3D3D3	16
3612	#FFFFFF	#D3D3D3	16
3613	#FFFFFF	#D3D3D3	16
3614	#FFFFFF	#D3D3D3	16
3615	#FFFFFF	#D3D3D3	16
3616	#FFFFFF	#D3D3D3	16
3617	#FFFFFF	#D3D3D3	16
3618	#FFFFFF	#D3D3D3	72
3619	#FFFFFF	#D3D3D3	16
3620	#FFFFFF	#D3D3D3	16
3629	#FFFFFF	#D3D3D3	23
3640	#FFFFFF	#D3D3D3	23
3651	#FFFFFF	#D3D3D3	23
3652	#FFFFFF	#D3D3D3	23
3653	#FFFFFF	#D3D3D3	23
3654	#FFFFFF	#D3D3D3	23
3655	#FFFFFF	#D3D3D3	72
3656	#FFFFFF	#D3D3D3	72
3658	#FFFFFF	#D3D3D3	23
3659	#FFFFFF	#D3D3D3	16
3660	#FFFFFF	#D3D3D3	16
3661	#FFFFFF	#D3D3D3	16
3662	#FFFFFF	#D3D3D3	16
3663	#FFFFFF	#D3D3D3	16
3664	#FFFFFF	#D3D3D3	16
3665	#FFFFFF	#D3D3D3	16
3666	#FFFFFF	#D3D3D3	16
3667	#FFFFFF	#D3D3D3	72
3668	#FFFFFF	#D3D3D3	16
3669	#FFFFFF	#D3D3D3	16
3670	#FFFFFF	#D3D3D3	16
3678	#FFFFFF	#D3D3D3	72
3689	#FFFFFF	#D3D3D3	23
3700	#FFFFFF	#D3D3D3	23
3701	#FFFFFF	#D3D3D3	23
3702	#FFFFFF	#D3D3D3	23
3703	#FFFFFF	#D3D3D3	23
3704	#FFFFFF	#D3D3D3	23
3705	#FFFFFF	#D3D3D3	72
3706	#FFFFFF	#D3D3D3	72
3707	#FFFFFF	#D3D3D3	72
3708	#FFFFFF	#D3D3D3	23
3709	#FFFFFF	#D3D3D3	16
3710	#FFFFFF	#D3D3D3	16
3711	#FFFFFF	#D3D3D3	16
3712	#FFFFFF	#D3D3D3	16
3713	#FFFFFF	#D3D3D3	16
3714	#FFFFFF	#D3D3D3	16
3715	#FFFFFF	#D3D3D3	16
3716	#FFFFFF	#D3D3D3	16
3717	#FFFFFF	#D3D3D3	16
3718	#FFFFFF	#D3D3D3	72
3719	#FFFFFF	#D3D3D3	16
3720	#FFFFFF	#D3D3D3	24
3721	#FFFFFF	#D3D3D3	24
3729	#FFFFFF	#D3D3D3	72
3740	#FFFFFF	#D3D3D3	23
3750	#FFFFFF	#D3D3D3	23
3751	#FFFFFF	#D3D3D3	23
3752	#FFFFFF	#D3D3D3	23
3753	#FFFFFF	#D3D3D3	23
3754	#FFFFFF	#D3D3D3	23
3755	#FFFFFF	#D3D3D3	72
3756	#FFFFFF	#D3D3D3	72
3758	#FFFFFF	#D3D3D3	16
3759	#FFFFFF	#D3D3D3	16
3760	#FFFFFF	#D3D3D3	16
3761	#FFFFFF	#D3D3D3	16
3762	#FFFFFF	#D3D3D3	16
3763	#FFFFFF	#D3D3D3	16
3764	#FFFFFF	#D3D3D3	16
3765	#FFFFFF	#D3D3D3	16
3766	#FFFFFF	#D3D3D3	16
3767	#FFFFFF	#D3D3D3	72
3768	#FFFFFF	#D3D3D3	16
3769	#FFFFFF	#D3D3D3	24
3770	#FFFFFF	#D3D3D3	24
3771	#FFFFFF	#D3D3D3	24
3778	#FFFFFF	#D3D3D3	72
3789	#FFFFFF	#D3D3D3	72
3800	#FFFFFF	#D3D3D3	23
3801	#FFFFFF	#D3D3D3	23
3802	#FFFFFF	#D3D3D3	23
3803	#FFFFFF	#D3D3D3	23
3804	#FFFFFF	#D3D3D3	23
3805	#FFFFFF	#D3D3D3	60
3806	#FFFFFF	#D3D3D3	72
3807	#FFFFFF	#D3D3D3	72
3808	#FFFFFF	#D3D3D3	16
3809	#FFFFFF	#D3D3D3	23
3810	#FFFFFF	#D3D3D3	16
3811	#FFFFFF	#D3D3D3	16
3812	#FFFFFF	#D3D3D3	16
3813	#FFFFFF	#D3D3D3	16
3814	#FFFFFF	#D3D3D3	16
3815	#FFFFFF	#D3D3D3	16
3816	#FFFFFF	#D3D3D3	16
3817	#FFFFFF	#D3D3D3	16
3818	#FFFFFF	#D3D3D3	72
3819	#FFFFFF	#D3D3D3	16
3820	#FFFFFF	#D3D3D3	24
3821	#FFFFFF	#D3D3D3	24
3822	#FFFFFF	#D3D3D3	24
3829	#FFFFFF	#D3D3D3	72
3840	#FFFFFF	#D3D3D3	72
3850	#FFFFFF	#D3D3D3	23
3851	#FFFFFF	#D3D3D3	23
3852	#FFFFFF	#D3D3D3	23
3853	#FFFFFF	#D3D3D3	23
3854	#FFFFFF	#D3D3D3	23
3855	#FFFFFF	#D3D3D3	72
3856	#FFFFFF	#D3D3D3	72
3857	#FFFFFF	#D3D3D3	16
3858	#FFFFFF	#D3D3D3	23
3859	#FFFFFF	#D3D3D3	23
3860	#FFFFFF	#D3D3D3	16
3861	#FFFFFF	#D3D3D3	16
3862	#FFFFFF	#D3D3D3	23
3863	#FFFFFF	#D3D3D3	16
3864	#FFFFFF	#D3D3D3	16
3865	#FFFFFF	#D3D3D3	16
3866	#FFFFFF	#D3D3D3	16
3867	#FFFFFF	#D3D3D3	72
3868	#FFFFFF	#D3D3D3	16
3869	#FFFFFF	#D3D3D3	24
3870	#FFFFFF	#D3D3D3	24
3871	#FFFFFF	#D3D3D3	24
3872	#FFFFFF	#D3D3D3	24
3878	#FFFFFF	#D3D3D3	72
3889	#FFFFFF	#D3D3D3	72
3900	#FFFFFF	#D3D3D3	72
3901	#FFFFFF	#D3D3D3	23
3902	#FFFFFF	#D3D3D3	23
3903	#FFFFFF	#D3D3D3	23
3904	#FFFFFF	#D3D3D3	16
3905	#FFFFFF	#D3D3D3	60
3906	#FFFFFF	#D3D3D3	72
3907	#FFFFFF	#D3D3D3	72
3908	#FFFFFF	#D3D3D3	23
3909	#FFFFFF	#D3D3D3	23
3910	#FFFFFF	#D3D3D3	23
3911	#FFFFFF	#D3D3D3	16
3912	#FFFFFF	#D3D3D3	23
3913	#FFFFFF	#D3D3D3	16
3914	#FFFFFF	#D3D3D3	16
3915	#FFFFFF	#D3D3D3	16
3916	#FFFFFF	#D3D3D3	16
3917	#FFFFFF	#D3D3D3	24
3918	#FFFFFF	#D3D3D3	72
3919	#FFFFFF	#D3D3D3	24
3920	#FFFFFF	#D3D3D3	24
3921	#FFFFFF	#D3D3D3	24
3922	#FFFFFF	#D3D3D3	24
3923	#FFFFFF	#D3D3D3	24
3929	#FFFFFF	#D3D3D3	72
3940	#FFFFFF	#D3D3D3	72
3950	#FFFFFF	#D3D3D3	72
3951	#FFFFFF	#D3D3D3	23
3952	#FFFFFF	#D3D3D3	23
3953	#FFFFFF	#D3D3D3	23
3954	#FFFFFF	#D3D3D3	16
3955	#FFFFFF	#D3D3D3	72
3956	#FFFFFF	#D3D3D3	72
3957	#FFFFFF	#D3D3D3	23
3958	#FFFFFF	#D3D3D3	23
3959	#FFFFFF	#D3D3D3	23
3960	#FFFFFF	#D3D3D3	23
3961	#FFFFFF	#D3D3D3	23
3962	#FFFFFF	#D3D3D3	16
3963	#FFFFFF	#D3D3D3	16
3964	#FFFFFF	#D3D3D3	16
3965	#FFFFFF	#D3D3D3	16
3966	#FFFFFF	#D3D3D3	16
3967	#FFFFFF	#D3D3D3	72
3968	#FFFFFF	#D3D3D3	24
3969	#FFFFFF	#D3D3D3	24
3970	#FFFFFF	#D3D3D3	24
3971	#FFFFFF	#D3D3D3	24
3972	#FFFFFF	#D3D3D3	24
3973	#FFFFFF	#D3D3D3	24
3978	#FFFFFF	#D3D3D3	72
3989	#FFFFFF	#D3D3D3	72
4000	#FFFFFF	#D3D3D3	72
4001	#FFFFFF	#D3D3D3	72
4002	#FFFFFF	#D3D3D3	23
4003	#FFFFFF	#D3D3D3	23
4004	#FFFFFF	#D3D3D3	23
