x	y	clickSelects
-0.00585380346281994	0.989368805041788	53
-0.00580351136242996	0.989479951389322	6
-0.00585380346281994	0.989368805041788	53
-0.00582859241578015	0.989739329356677	53
-0.00580351136242996	0.989479951389322	53
-0.00580351136242996	0.989479951389322	53
-0.00585380346281994	0.989368805041788	53
-0.00585380346281994	0.989368805041788	6
-0.00582859241578015	0.989739329356677	53
-0.00580351136242996	0.989479951389322	6
-0.00580351136242996	0.989479951389322	53
-0.00582859241578015	0.989739329356677	22
-0.00582859241578015	0.989739329356677	53
-0.00582859241578015	0.989739329356677	53
-0.00585380346281994	0.989368805041788	6
-0.00585380346281994	0.989368805041788	6
-0.00585380346281994	0.989368805041788	53
-0.00580351136242996	0.989479951389322	6
-0.00582859241578015	0.989739329356677	53
-0.00582859241578015	0.989739329356677	53
-0.00585380346281994	0.989368805041788	53
-0.00582859241578015	0.989739329356677	6
-0.00585380346281994	0.989368805041788	6
-0.00585380346281994	0.989368805041788	53
-0.00585380346281994	0.989368805041788	6
-0.00582859241578015	0.989739329356677	6
-0.00582859241578015	0.989739329356677	6
-0.00585380346281994	0.989368805041788	6
-0.00580351136242996	0.989479951389322	53
-0.00585380346281994	0.989368805041788	53
-0.00582859241578015	0.989739329356677	6
-0.00580351136242996	0.989479951389322	6
-0.00582859241578015	0.989739329356677	6
-0.00582859241578015	0.989739329356677	6
-0.00582859241578015	0.989739329356677	6
-0.00582859241578015	0.989739329356677	6
-0.00582859241578015	0.989739329356677	6
-0.00580351136242996	0.989479951389322	6
-0.00585380346281994	0.989368805041788	6
-0.00585380346281994	0.989368805041788	6
-0.00580351136242996	0.989479951389322	6
-0.00580351136242996	0.989479951389322	6
-0.00585380346281994	0.989368805041788	6
-0.00585380346281994	0.989368805041788	6
-0.00582859241578015	0.989739329356677	6
-0.00580351136242996	0.989479951389322	6
-0.00580351136242996	0.989479951389322	6
-0.00585380346281994	0.989368805041788	6
-0.00580351136242996	0.989479951389322	6
-0.00582859241578015	0.989739329356677	6
-0.00585380346281994	0.989368805041788	6
-0.00582859241578015	0.989739329356677	6
-0.00580351136242996	0.989479951389322	6
-0.00582859241578015	0.989739329356677	6
-0.00582859241578015	0.989739329356677	6
-0.00582859241578015	0.989739329356677	6
-0.00582859241578015	0.989739329356677	6
-0.00582859241578015	0.989739329356677	6
-0.00580351136242996	0.989479951389322	6
-0.00580351136242996	0.989479951389322	34
-0.00582859241578015	0.989739329356677	34
-0.00582859241578015	0.989739329356677	34
-0.00582859241578015	0.989739329356677	6
-0.00582859241578015	0.989739329356677	6
-0.00582859241578015	0.989739329356677	6
-0.00582859241578015	0.989739329356677	6
-0.00582859241578015	0.989739329356677	6
-0.00582859241578015	0.989739329356677	6
-0.00582859241578015	0.989739329356677	6
-0.00580351136242996	0.989479951389322	6
-0.00585380346281994	0.989368805041788	16
-0.00585380346281994	0.989368805041788	23
-0.00582859241578015	0.989739329356677	23
-0.00585380346281994	0.989368805041788	16
-0.00582859241578015	0.989739329356677	23
-0.00580351136242996	0.989479951389322	23
-0.00582859241578015	0.989739329356677	23
-0.00582859241578015	0.989739329356677	23
-0.00582859241578015	0.989739329356677	23
-0.00582859241578015	0.989739329356677	23
-0.00585380346281994	0.989368805041788	23
-0.00582859241578015	0.989739329356677	23
-0.00585380346281994	0.989368805041788	23
-0.00580351136242996	0.989479951389322	23
